Configuration,Coverage,TFIDF,Faithfulness,Temporal,Coverage_Rank,TFIDF_Rank,Faithfulness_Rank,Temporal_Rank,Rank_Sum,Overall_Rank
Fixed + Gemini,97.5,0.447463,71.153846,89.444444,4.0,2.0,6.0,1.0,13.0,1
Whole + BGE,100.0,0.359584,77.083333,85.980036,2.0,8.0,3.0,2.0,15.0,2
Whole + MedCPT,92.5,0.431132,79.411765,84.62867,6.0,4.0,2.0,3.0,15.0,3
Whole + Gemini,100.0,0.44403,76.595745,76.126429,2.0,3.0,4.0,8.0,17.0,4
Fixed + BGE,100.0,0.401397,68.0,81.637294,2.0,6.0,7.0,5.0,20.0,5
Section + Gemini,72.5,0.503101,73.913043,78.601166,8.0,1.0,5.0,6.0,20.0,6
Section + BGE,92.5,0.348051,82.352941,82.684825,6.0,9.0,1.0,4.0,20.0,7
Fixed + MedCPT,92.5,0.397682,57.142857,78.098207,6.0,7.0,9.0,7.0,29.0,8
Section + MedCPT,70.0,0.415435,60.714286,64.930556,9.0,5.0,8.0,9.0,31.0,9
