age,date_of_birth,full_name,gender_identity,nhs_number,person_id
39,15/05/1984,Judith Ada Wells,Female,272733208,28570119-9cdc-4120-98c0-4edb76cf36a3
19,18/03/2004,Andrew Michael Edwards,Male,928876615,5cfa1b7e-c60e-4bae-b31f-b6be2c09adcb
40,15/02/1983,Ren Suzuki,Male,609172238,29ea304f-821d-474e-81a1-394ca3945e02
43,15/04/1980,Bertram Adam Richards,Male,694526048,51f15281-8840-4fd0-92de-89188ab8d736
49,15/02/1974,Philip Paul Cook,Male,457031170,136c7916-4f9b-4e5c-bf01-77e9d2c681a2
22,15/04/2001,Rachael Grace Dobson,Female,586700918,58b8aad6-7327-4450-956f-b775be0f4984
71,14/05/1952,Anthony Stephen Amin,Male,851180753,c332ce87-7afd-4a74-9896-3fef50179bd0
74,15/06/1949,Jane Jill Osborne,Female,791842583,a9827c1c-fb54-4e5b-8bc6-d3099869e671
76,12/04/1947,Brian William Morris,Male,695592370,9d8fd25d-c4fe-4343-8ff5-5da5dad4e740
33,21/07/1990,Phyllis Marian Scott,Female,631188089,420df33b-0072-4124-b1c6-0589daef3677
88,14/07/1935,Hazel Brenda Ali,Female,676354742,d362867a-d350-4aca-82d0-a63b7e0a14c7
58,15/03/1965,John Michael Gill,Male,793632915,31f9612b-5a6b-48ea-887b-895772a83b99
77,15/04/1946,Mandikudza Nyoni,Female,134786728,37b5ce4d-dcfd-4bb7-bee4-d597eb114703
75,15/03/1948,Sharon Christina Campbell,Female,440395845,ef943dfb-1368-44e0-a946-a0be360e1d54
61,14/03/1962,Rhys Jenkins,Male,837587095,ff8c4724-b7de-4189-bccf-cffddd4d6d44
40,15/03/1983,Paula Amanda Miles,Female,311224015,f44d4a08-4c76-4000-ad61-d1d81032e643
52,15/03/1971,Haruto Watanabe,Male,227037634,69bf7e25-abb2-4dde-857f-f1138d4d0d8a
67,15/03/1956,Allan Victor Robinson,Male,680034032,04df53ea-55c1-48d9-84a1-1f15c133b29b
19,15/06/2004,Fatima Akter,Female,141670292,c50e236f-6b3d-41c8-9e16-7ec343cac820
26,14/03/1997,Lolade Fakayode,Female,377838811,b70c7ff6-c2af-4df6-bd88-889bf767a168
23,15/05/2000,Dia Reddy,Female,245911844,8448b3fa-1f5e-45b5-bda5-eb0b7921b8cc
34,15/04/1989,Bin Pan,Male,970075507,359014a1-10e6-4bd8-9ba7-513d021c971e
40,15/03/1983,Jonathan Edward Hodgson,Male,928282997,61699d6d-904a-4ece-9026-cd61b3fd9a50
55,15/03/1968,Georgina Claire Gurung,Female,793720132,0c04d9fb-d8d0-4ee0-8fc9-0c3f7f148bdf
43,17/02/1980,Abena Bonsu,Female,395107142,c6c45c39-cd73-49dd-818d-0a7865fe8a7f
87,12/05/1936,Manveer Kumar,Male,714471213,1705dd0f-011a-492c-b006-b27e03f2f4ed
64,18/03/1959,Frank Scott Bond,Male,612043217,137b8481-4f1d-4b7f-babd-20f7117023ad
56,14/03/1967,Margaret Sarah Holland,Female,221306226,42149ae1-6a3c-471e-a002-cb7263e8bb8c
75,23/03/1948,Hope Chinwo,Female,287904478,05192757-942f-460d-b4ff-004ec39cc5ee
69,12/07/1954,Charlene Lauren Daniels,Female,500198560,5e434d78-b2f6-4d88-b327-fff6ee50b901
58,15/03/1965,John Michael Gill,Male,793632915,31f9612b-5a6b-48ea-887b-895772a83b99
77,15/04/1946,Mandikudza Nyoni,Female,134786728,37b5ce4d-dcfd-4bb7-bee4-d597eb114703
75,15/03/1948,Sharon Christina Campbell,Female,440395845,ef943dfb-1368-44e0-a946-a0be360e1d54
61,14/03/1962,Rhys Jenkins,Male,837587095,ff8c4724-b7de-4189-bccf-cffddd4d6d44
40,15/03/1983,Paula Amanda Miles,Female,311224015,f44d4a08-4c76-4000-ad61-d1d81032e643
52,15/03/1971,Haruto Watanabe,Male,227037634,69bf7e25-abb2-4dde-857f-f1138d4d0d8a
67,15/03/1956,Allan Victor Robinson,Male,680034032,04df53ea-55c1-48d9-84a1-1f15c133b29b
19,15/06/2004,Fatima Akter,Female,141670292,c50e236f-6b3d-41c8-9e16-7ec343cac820
26,14/03/1997,Lolade Fakayode,Female,377838811,b70c7ff6-c2af-4df6-bd88-889bf767a168
23,15/05/2000,Dia Reddy,Female,245911844,8448b3fa-1f5e-45b5-bda5-eb0b7921b8cc
34,15/04/1989,Bin Pan,Male,970075507,359014a1-10e6-4bd8-9ba7-513d021c971e
40,15/03/1983,Jonathan Edward Hodgson,Male,928282997,61699d6d-904a-4ece-9026-cd61b3fd9a50
55,15/03/1968,Georgina Claire Gurung,Female,793720132,0c04d9fb-d8d0-4ee0-8fc9-0c3f7f148bdf
43,17/02/1980,Abena Bonsu,Female,395107142,c6c45c39-cd73-49dd-818d-0a7865fe8a7f
87,12/05/1936,Manveer Kumar,Male,714471213,1705dd0f-011a-492c-b006-b27e03f2f4ed
64,18/03/1959,Frank Scott Bond,Male,612043217,137b8481-4f1d-4b7f-babd-20f7117023ad
56,14/03/1967,Margaret Sarah Holland,Female,221306226,42149ae1-6a3c-471e-a002-cb7263e8bb8c
75,23/03/1948,Hope Chinwo,Female,287904478,05192757-942f-460d-b4ff-004ec39cc5ee
69,12/07/1954,Charlene Lauren Daniels,Female,500198560,5e434d78-b2f6-4d88-b327-fff6ee50b901
3,15/07/2020,Keith James Stewart,Male,998850948,ce0046dc-0ad3-4710-8147-549793c58b44
1,15/09/2022,Trevor Antony Stephens,Male,946593560,f1538231-21af-4cfa-8b40-3303aa0d0c96
4,16/02/2019,Philip Clive Osborne,Male,182151834,1dbe23dc-0d1e-431b-81eb-497282b46a14
15,17/05/2008,Tomos Ellis,Male,965833270,028998ee-babc-4096-9b28-001bc2f9a84e
7,12/03/2016,Georgina Sophie Holmes,Female,566603103,e8885d7c-b863-4c41-997e-588416d655ae
15,14/05/2008,Lei Zhao,Male,115182573,94264e23-ea67-496e-b027-5dd0cc334f1e
2,15/11/2021,Trevor Antony Stephens,Male,818755413,a8629d2e-7fd8-449a-9149-e0f5045a04c4
13,15/03/2010,Oluwadamilola Adewale,Female,105328678,68258b8d-7d36-4d32-9093-6170a32bf087
13,15/08/2010,George Alfred Rehman,Male,441718816,973ee9d2-7c23-4e1d-afb2-86f679b55964
10,14/05/2013,Yu Xu,Male,794069345,c51243b8-e3d9-4cf7-ab29-0315048f91dc
16,14/05/2007,Minato Yoshida,Male,893632595,96766f3f-aa50-4bcb-abbf-884328049ea9
7,12/07/2016,Muhammad Usman,Male,142429986,900efb9a-fb57-4f25-b2a3-0a8c6f55b2d6
1,15/10/2022,Ren Suzuki,Female,276869980,c87e610e-ac2a-48cf-ac32-054f3e595498
13,14/03/2010,Katie Catherine Kaur,Female,728400411,6e93f9d9-213d-4f2c-a1f0-f475dacef554
3,15/08/2020,Paul Stuart O'Brien,Male,401140915,c54a9649-495a-4f89-a8ca-fbb14ba70ca6
4,12/05/2019,Krishna Thakur,Male,924350724,fc6268ab-ad15-4613-9d8d-12c045e2fd46
3,15/08/2020,Jack Geoffrey Gray,Male,239118336,0f438665-d430-4adb-8acc-c3beed9e4942
8,14/06/2015,Yuri Matsumoto,Female,422715587,f97ee974-67f3-4d72-9ed4-f17025da3749
8,14/06/2015,Victoria Edith Adams,Female,730649569,ebb1ca4c-f42f-41d8-adbc-1b08949036d1
0,01/10/2023,Irene Amy Perry,Female,776674409,b8085350-6748-47a5-a12f-6acd07c40a82
